<?xml version="1.0" encoding="UTF-8" ?>
<!DOCTYPE mapper
        PUBLIC "-//mybatis.org//DTD Mapper 3.0//EN"
        "http://mybatis.org/dtd/mybatis-3-mapper.dtd">
<mapper namespace="com.xjdzy.mapper.ArticleMapper">

    <select id="getLikesNumByUserId" resultType="java.lang.Integer">
        select COUNT(*) from user_info,article,likes
        where user_info.user_id = article.user_id
        and article.article_id = likes.article_id
        and user_info.user_id = #{userId};
    </select>

    <select id="getCollectionNumByUserId" resultType="java.lang.Integer">
        select COUNT(*) from user_info,article,collection
        where user_info.user_id = article.user_id
        and article.article_id = collection.article_id
        and user_info.user_id = #{userId};
    </select>
    <select id="getAllByUserIdWrArticles" resultType="com.xjdzy.dto.ArticleTypeDto">
        select article_id,article_title,article_cover,article_content,create_time,category_name
        from article,category,user_info
        where article.user_id = user_info.user_id
        and article.category_id = category.category_id
        and user_info.user_id = #{userId};
    </select>
    <select id="getLikesNumByArticleId" resultType="java.lang.Integer">
        select COUNT(*) from article,likes
        where article.article_id = likes.article_id
        and article.article_id = #{articleId};
    </select>
    <select id="getCollectionNumByArticleId" resultType="java.lang.Integer">
        select COUNT(*) from article,collection
        where article.article_id = collection.article_id
        and article.article_id = #{articleId};
    </select>
    <select id="getAllByUserIdCollectionArticles" resultType="com.xjdzy.dto.ArticleTypeDto">
        select article.article_id,article_title,article_cover,article_content,create_time,category_name
        from article,category,collection
        where collection.user_id = #{userId}
          and article.article_id=collection.article_id
          and article.category_id = category.category_id;
    </select>
    <select id="getAllByUserIdLikesArticles" resultType="com.xjdzy.dto.ArticleTypeDto">
        select article.article_id,article_title,article_cover,article_content,create_time,category_name
        from article,category,likes
        where likes.user_id = #{userId}
          and article.article_id=likes.article_id
          and article.category_id = category.category_id;
    </select>

</mapper>