<?xml version="1.0" encoding="UTF-8" ?>
<!DOCTYPE mapper
        PUBLIC "-//mybatis.org//DTD Mapper 3.0//EN"
        "http://mybatis.org/dtd/mybatis-3-mapper.dtd">
<mapper namespace="com.xjdzy.mapper.UserMapper">

    <update id="updatePasswordCon">
     update user_info
     set password = #{newPassword}
     where user_id =#{userId}
    </update>
    <update id="updateUserNameCon">
     update user_info
     set userName = #{newUserName}
     where user_id =#{userId}
    </update>
    <select id="CheckisR" resultType="com.xjdzy.entity.UserInfo">
       select * from user_info
       where user_id= #{userId} and password=#{password}
    </select>
    <select id="CheckisR2" resultType="com.xjdzy.entity.UserInfo">
      select * from user_info
      where userName =#{newUserName}
    </select>
    <select id="getUserInfoCon" resultType="com.xjdzy.entity.UserInfo">
        select  * from user_info
        where user_id = #{userId}
    </select>

</mapper>